{"cameraMode":{"drawMode":0,"name":"Shaded","section":"Shading Mode"},"sceneLighting":true,"audioPlay":false,"sceneViewState":{"m_AlwaysRefresh":false,"showFog":true,"showSkybox":true,"showFlares":true,"showImageEffects":true,"showParticleSystems":true,"showVisualEffectGraphs":true,"m_FxEnabled":true},"in2DMode":false,"pivot":{"x":0.54514479637146,"y":1.8488664627075196,"z":-1.7745857238769532},"rotation":{"x":-0.12217013537883759,"y":0.8609700798988342,"z":-0.24553519487380982,"w":-0.42839011549949648},"size":1.6533119678497315,"orthographic":false}